Date;Time of day;Volume activated (+)[MWh];Volume activated (-)[MWh];Activation price (+)[€/MWh];Activation price (-)[€/MWh];Volume procured (+)[MW];Volume procured (-)[MW];Procurement price (+)[€/MW];Procurement price (-)[€/MW]
Jan 1, 2022;12:00 AM;23;4;292.05;-9.07;2,127;1,926;0.17;9.13
Jan 1, 2022;12:15 AM;89;0;347.22;-12.34;2,127;1,926;0.17;9.13
Jan 1, 2022;12:30 AM;14;1;269.26;-10.28;2,127;1,926;0.17;9.13
Jan 1, 2022;12:45 AM;2;3;144.11;-9.42;2,127;1,926;0.17;9.13
Jan 1, 2022;1:00 AM;21;1;287.65;-10.61;2,127;1,926;0.17;9.13
Jan 1, 2022;1:15 AM;1;1;113.05;-10;2,127;1,926;0.17;9.13
Jan 1, 2022;1:30 AM;1;1;113.05;-10.16;2,127;1,926;0.17;9.13
Jan 1, 2022;1:45 AM;1;4;113.05;-8.9;2,127;1,926;0.17;9.13
Jan 1, 2022;2:00 AM;53;1;326.38;-10.44;2,127;1,926;0.17;9.13
Jan 1, 2022;2:15 AM;14;1;269.19;-10.79;2,127;1,926;0.17;9.13
Jan 1, 2022;2:30 AM;3;1;174.98;-10.14;2,127;1,926;0.17;9.13
Jan 1, 2022;2:45 AM;0;14;113.05;-6.35;2,127;1,926;0.17;9.13
Jan 1, 2022;3:00 AM;0;27;113.05;-2.76;2,127;1,926;0.17;9.13
Jan 1, 2022;3:15 AM;0;37;113.05;0.47;2,127;1,926;0.17;9.13
Jan 1, 2022;3:30 AM;0;23;113.05;-3.81;2,127;1,926;0.17;9.13
Jan 1, 2022;3:45 AM;0;102;113.05;62.98;2,127;1,926;0.17;9.13
Jan 1, 2022;4:00 AM;1;28;147.94;22.45;-;-;0.33;7.99
Jan 1, 2022;4:15 AM;0;32;147.94;24.48;-;-;0.33;7.99
Jan 1, 2022;4:30 AM;0;4;147.94;-1.88;-;-;0.33;7.99
Jan 1, 2022;4:45 AM;1;11;147.94;9.91;-;-;0.33;7.99
Jan 1, 2022;5:00 AM;1;3;147.94;-3.38;-;-;0.33;7.99
Jan 1, 2022;5:15 AM;1;1;147.94;-12.76;-;-;0.33;7.99
Jan 1, 2022;5:30 AM;6;1;253.37;-12.88;-;-;0.33;7.99
Jan 1, 2022;5:45 AM;9;1;270.18;-13.31;-;-;0.33;7.99
Jan 1, 2022;6:00 AM;0;75;147.94;44.72;-;-;0.33;7.99
Jan 1, 2022;6:15 AM;0;36;147.94;26.22;-;-;0.33;7.99
Jan 1, 2022;6:30 AM;0;71;147.94;43.11;-;-;0.33;7.99
Jan 1, 2022;6:45 AM;0;121;147.94;65.12;-;-;0.33;7.99
Jan 1, 2022;7:00 AM;0;51;147.94;32.87;-;-;0.33;7.99
Jan 1, 2022;7:15 AM;0;74;147.94;44.27;-;-;0.33;7.99
Jan 1, 2022;7:30 AM;0;33;147.94;24.9;-;-;0.33;7.99
Jan 1, 2022;7:45 AM;0;84;147.94;48.25;-;-;0.33;7.99
Jan 1, 2022;8:00 AM;1;76;168.77;41.51;-;-;0.89;1.08
Jan 1, 2022;8:15 AM;0;16;168.77;0;-;-;0.89;1.08
Jan 1, 2022;8:30 AM;0;95;168.77;49.6;-;-;0.89;1.08
Jan 1, 2022;8:45 AM;0;116;168.77;55.63;-;-;0.89;1.08
Jan 1, 2022;9:00 AM;0;200;0;94.45;-;-;0.89;1.08
Jan 1, 2022;9:15 AM;0;208;168.77;98.16;-;-;0.89;1.08
Jan 1, 2022;9:30 AM;0;146;168.77;65.38;-;-;0.89;1.08
Jan 1, 2022;9:45 AM;0;132;168.77;59.62;-;-;0.89;1.08
Jan 1, 2022;10:00 AM;0;162;168.77;75.8;-;-;0.89;1.08
Jan 1, 2022;10:15 AM;0;151;168.77;68.73;-;-;0.89;1.08
Jan 1, 2022;10:30 AM;0;117;168.77;55.94;-;-;0.89;1.08
Jan 1, 2022;10:45 AM;0;123;168.77;57.19;-;-;0.89;1.08
Jan 1, 2022;11:00 AM;0;117;0;55.9;-;-;0.89;1.08
Jan 1, 2022;11:15 AM;0;163;0;75.9;-;-;0.89;1.08
Jan 1, 2022;11:30 AM;0;180;168.77;85.22;-;-;0.89;1.08
Jan 1, 2022;11:45 AM;0;93;168.77;48.85;-;-;0.89;1.08
Jan 1, 2022;12:00 PM;1;79;174.16;41.33;-;-;0.72;1.08
Jan 1, 2022;12:15 PM;0;82;163.75;43.45;-;-;0.72;1.08
Jan 1, 2022;12:30 PM;1;1;163.75;-43.99;-;-;0.72;1.08
Jan 1, 2022;12:45 PM;0;33;163.75;-8.76;-;-;0.72;1.08
Jan 1, 2022;1:00 PM;1;16;163.75;-26;-;-;0.72;1.08
Jan 1, 2022;1:15 PM;0;130;0;81.47;-;-;0.72;1.08
Jan 1, 2022;1:30 PM;0;110;0;65.52;-;-;0.72;1.08
Jan 1, 2022;1:45 PM;0;40;163.75;-0.24;-;-;0.72;1.08
Jan 1, 2022;2:00 PM;0;74;163.75;38.2;-;-;0.72;1.08
Jan 1, 2022;2:15 PM;0;4;163.75;-38.34;-;-;0.72;1.08
Jan 1, 2022;2:30 PM;1;1;163.75;-43.99;-;-;0.72;1.08
Jan 1, 2022;2:45 PM;0;6;163.75;-35.23;-;-;0.72;1.08
Jan 1, 2022;3:00 PM;0;65;163.75;31.4;-;-;0.72;1.08
Jan 1, 2022;3:15 PM;1;10;163.75;-31.15;-;-;0.72;1.08
Jan 1, 2022;3:30 PM;0;15;163.75;-26.68;-;-;0.72;1.08
Jan 1, 2022;3:45 PM;0;68;163.75;33.99;-;-;0.72;1.08
Jan 1, 2022;4:00 PM;0;127;163.75;53.27;-;-;2.38;0.52
Jan 1, 2022;4:15 PM;1;44;163.75;12.94;-;-;2.38;0.52
Jan 1, 2022;4:30 PM;0;10;163.75;-15.01;-;-;2.38;0.52
Jan 1, 2022;4:45 PM;1;1;163.75;-25;-;-;2.38;0.52
Jan 1, 2022;5:00 PM;2;8;186.72;-17.44;-;-;2.38;0.52
Jan 1, 2022;5:15 PM;0;14;163.75;-10.22;-;-;2.38;0.52
Jan 1, 2022;5:30 PM;1;32;163.75;5.6;-;-;2.38;0.52
Jan 1, 2022;5:45 PM;0;24;163.75;-1.44;-;-;2.38;0.52
Jan 1, 2022;6:00 PM;0;11;163.75;-13.37;-;-;2.38;0.52
Jan 1, 2022;6:15 PM;7;3;276.8;-22.51;-;-;2.38;0.52
Jan 1, 2022;6:30 PM;0;17;163.75;-7.62;-;-;2.38;0.52
Jan 1, 2022;6:45 PM;0;31;163.75;4.88;-;-;2.38;0.52
Jan 1, 2022;7:00 PM;0;59;163.75;18.69;-;-;2.38;0.52
Jan 1, 2022;7:15 PM;1;42;163.75;11.72;-;-;2.38;0.52
Jan 1, 2022;7:30 PM;1;38;163.75;9.64;-;-;2.38;0.52
Jan 1, 2022;7:45 PM;0;107;163.75;40.93;-;-;2.38;0.52
Jan 1, 2022;8:00 PM;2;11;182.39;20.37;-;-;0.52;1.07
Jan 1, 2022;8:15 PM;2;14;190.47;27.74;-;-;0.52;1.07
Jan 1, 2022;8:30 PM;1;25;163.75;36.52;-;-;0.52;1.07
Jan 1, 2022;8:45 PM;0;47;163.75;42.71;-;-;0.52;1.07
Jan 1, 2022;9:00 PM;28;13;273.75;25.71;-;-;0.52;1.07
Jan 1, 2022;9:15 PM;7;4;231.91;1.7;-;-;0.52;1.07
Jan 1, 2022;9:30 PM;0;6;163.75;7.75;-;-;0.52;1.07
Jan 1, 2022;9:45 PM;0;61;163.75;47.72;-;-;0.52;1.07
Jan 1, 2022;10:00 PM;1;20;163.75;33.69;-;-;0.52;1.07
Jan 1, 2022;10:15 PM;3;10;203.16;20.16;-;-;0.52;1.07
Jan 1, 2022;10:30 PM;3;6;194.21;7.27;-;-;0.52;1.07
Jan 1, 2022;10:45 PM;0;25;163.75;36.2;-;-;0.52;1.07
Jan 1, 2022;11:00 PM;3;2;199.72;-11.38;-;-;0.52;1.07
Jan 1, 2022;11:15 PM;0;39;163.75;40.88;-;-;0.52;1.07
Jan 1, 2022;11:30 PM;18;19;263.81;32.88;-;-;0.52;1.07
Jan 1, 2022;11:45 PM;0;70;163.75;50.46;-;-;0.52;1.07
Jan 2, 2022;12:00 AM;0;103;130;79.69;-;-;-;-
Jan 2, 2022;12:15 AM;0;336;130;173.32;-;-;-;-
Jan 2, 2022;12:30 AM;0;315;130;164.11;-;-;-;-
Jan 2, 2022;12:45 AM;0;224;130;124.87;-;-;-;-
Jan 2, 2022;1:00 AM;14;34;260.89;51.34;-;-;-;-
Jan 2, 2022;1:15 AM;0;200;130;114.03;-;-;-;-
Jan 2, 2022;1:30 AM;0;249;130;137.55;-;-;-;-
Jan 2, 2022;1:45 AM;1;13;130;20.98;-;-;-;-
Jan 2, 2022;2:00 AM;35;22;284.7;41.01;-;-;-;-
Jan 2, 2022;2:15 AM;0;56;130;62.04;-;-;-;-
Jan 2, 2022;2:30 AM;1;9;130;10.19;-;-;-;-
Jan 2, 2022;2:45 AM;2;1;162.15;-3.96;-;-;-;-
Jan 2, 2022;3:00 AM;2;5;153.3;4.81;-;-;-;-
Jan 2, 2022;3:15 AM;0;10;130;12.06;-;-;-;-
Jan 2, 2022;3:30 AM;0;61;130;64.96;-;-;-;-
Jan 2, 2022;3:45 AM;0;18;130;34.22;-;-;-;-
Jan 2, 2022;4:00 AM;1;16;103.19;42.16;-;-;-;-
Jan 2, 2022;4:15 AM;0;28;103.19;54.97;-;-;-;-
Jan 2, 2022;4:30 AM;0;73;103.19;74.73;-;-;-;-
Jan 2, 2022;4:45 AM;0;19;103.19;47.56;-;-;-;-
Jan 2, 2022;5:00 AM;0;105;103.19;89.38;-;-;-;-
Jan 2, 2022;5:15 AM;0;140;103.19;103.77;-;-;-;-
Jan 2, 2022;5:30 AM;0;41;103.19;60.75;-;-;-;-
Jan 2, 2022;5:45 AM;1;1;103.19;10.15;-;-;-;-
Jan 2, 2022;6:00 AM;3;5;163.53;12.97;-;-;-;-
Jan 2, 2022;6:15 AM;2;1;121.13;10;-;-;-;-
Jan 2, 2022;6:30 AM;3;9;170.29;24.96;-;-;-;-
Jan 2, 2022;6:45 AM;0;2;103.19;10.44;-;-;-;-
Jan 2, 2022;7:00 AM;1;1;111.17;10;-;-;-;-
Jan 2, 2022;7:15 AM;1;1;103.19;10;-;-;-;-
Jan 2, 2022;7:30 AM;1;9;103.19;25;-;-;-;-
Jan 2, 2022;7:45 AM;0;62;103.19;70.26;-;-;-;-
Jan 2, 2022;8:00 AM;1;175;118.1;120.97;-;-;-;-
Jan 2, 2022;8:15 AM;1;88;118.1;76.89;-;-;-;-
Jan 2, 2022;8:30 AM;0;29;118.1;22.89;-;-;-;-
Jan 2, 2022;8:45 AM;0;60;118.1;56.8;-;-;-;-
Jan 2, 2022;9:00 AM;1;36;118.1;35.25;-;-;-;-
Jan 2, 2022;9:15 AM;1;5;118.1;4.24;-;-;-;-
Jan 2, 2022;9:30 AM;1;1;118.1;-0.11;-;-;-;-
Jan 2, 2022;9:45 AM;3;1;213.87;-0.12;-;-;-;-
Jan 2, 2022;10:00 AM;0;105;118.1;86.61;-;-;-;-
Jan 2, 2022;10:15 AM;0;77;118.1;70.21;-;-;-;-
Jan 2, 2022;10:30 AM;7;9;249.9;6.81;-;-;-;-
Jan 2, 2022;10:45 AM;1;18;118.1;11.18;-;-;-;-
Jan 2, 2022;11:00 AM;2;7;177.17;5.96;-;-;-;-
Jan 2, 2022;11:15 AM;1;35;118.1;34.42;-;-;-;-
Jan 2, 2022;11:30 AM;0;42;118.1;42.14;-;-;-;-
Jan 2, 2022;11:45 AM;3;72;220.08;67.18;-;-;-;-
Jan 2, 2022;12:00 PM;14;34;238.07;69.31;-;-;-;-
Jan 2, 2022;12:15 PM;0;29;118.64;65.98;-;-;-;-
Jan 2, 2022;12:30 PM;85;3;279.79;3.4;-;-;-;-
Jan 2, 2022;12:45 PM;48;5;269.69;10.75;-;-;-;-
Jan 2, 2022;1:00 PM;13;56;235.93;86.66;-;-;-;-
Jan 2, 2022;1:15 PM;0;93;118.64;110.43;-;-;-;-
Jan 2, 2022;1:30 PM;0;70;118.64;95.3;-;-;-;-
Jan 2, 2022;1:45 PM;2;70;128.07;95.15;-;-;-;-
Jan 2, 2022;2:00 PM;2;36;127.26;70.12;-;-;-;-
Jan 2, 2022;2:15 PM;10;23;227.74;61.04;-;-;-;-
Jan 2, 2022;2:30 PM;26;12;255.21;38.46;-;-;-;-
Jan 2, 2022;2:45 PM;9;6;225.59;12.27;-;-;-;-
Jan 2, 2022;3:00 PM;0;9;118.64;21.37;-;-;-;-
Jan 2, 2022;3:15 PM;0;21;118.64;57.85;-;-;-;-
Jan 2, 2022;3:30 PM;0;24;118.64;62.42;-;-;-;-
Jan 2, 2022;3:45 PM;4;2;183.47;-0.24;-;-;-;-
Jan 2, 2022;4:00 PM;0;59;118.64;120.08;-;-;-;-
Jan 2, 2022;4:15 PM;0;38;118.64;102.84;-;-;-;-
Jan 2, 2022;4:30 PM;1;12;124.11;40.52;-;-;-;-
Jan 2, 2022;4:45 PM;1;13;118.64;42.8;-;-;-;-
Jan 2, 2022;5:00 PM;6;4;179.68;9.38;-;-;-;-
Jan 2, 2022;5:15 PM;9;2;191;5.2;-;-;-;-
Jan 2, 2022;5:30 PM;29;2;218.39;4.03;-;-;-;-
Jan 2, 2022;5:45 PM;4;16;167.17;57.77;-;-;-;-
Jan 2, 2022;6:00 PM;4;29;166.79;90.22;-;-;-;-
Jan 2, 2022;6:15 PM;0;23;118.64;79.15;-;-;-;-
Jan 2, 2022;6:30 PM;0;25;118.64;83.2;-;-;-;-
Jan 2, 2022;6:45 PM;7;6;184.11;14.52;-;-;-;-
Jan 2, 2022;7:00 PM;2;25;128.61;82.87;-;-;-;-
Jan 2, 2022;7:15 PM;1;15;118.64;51.84;-;-;-;-
Jan 2, 2022;7:30 PM;0;2;118.64;3.72;-;-;-;-
Jan 2, 2022;7:45 PM;1;1;118.64;-1.26;-;-;-;-
Jan 2, 2022;8:00 PM;1;3;118.64;5.26;-;-;-;-
Jan 2, 2022;8:15 PM;0;29;118.64;76.76;-;-;-;-
Jan 2, 2022;8:30 PM;1;4;118.64;7.68;-;-;-;-
Jan 2, 2022;8:45 PM;2;5;135.17;10.04;-;-;-;-
Jan 2, 2022;9:00 PM;21;11;233.33;35.91;-;-;-;-
Jan 2, 2022;9:15 PM;2;7;139;16.69;-;-;-;-
Jan 2, 2022;9:30 PM;4;1;185.66;0.76;-;-;-;-
Jan 2, 2022;9:45 PM;0;2;118.64;1.6;-;-;-;-
Jan 2, 2022;10:00 PM;1;3;118.64;4.43;-;-;-;-
Jan 2, 2022;10:15 PM;0;1;118.64;0.49;-;-;-;-
Jan 2, 2022;10:30 PM;115;1;267.65;-2.18;-;-;-;-
Jan 2, 2022;10:45 PM;1;1;123.93;-1.38;-;-;-;-
Jan 2, 2022;11:00 PM;1;5;118.64;10.66;-;-;-;-
Jan 2, 2022;11:15 PM;0;52;118.64;95.6;-;-;-;-
Jan 2, 2022;11:30 PM;1;32;121.1;80.23;-;-;-;-
Jan 2, 2022;11:45 PM;1;63;118.64;102.81;-;-;-;-
Jan 3, 2022;12:00 AM;1;96;170;88.02;1,894;1,922;-;-
Jan 3, 2022;12:15 AM;0;100;170;91.45;1,894;1,922;-;-
Jan 3, 2022;12:30 AM;0;55;170;53.06;1,894;1,922;-;-
Jan 3, 2022;12:45 AM;0;109;0;98.01;1,894;1,922;-;-
Jan 3, 2022;1:00 AM;0;67;170;60;1,894;1,922;-;-
Jan 3, 2022;1:15 AM;1;7;170;12.65;1,894;1,922;-;-
Jan 3, 2022;1:30 AM;0;1;170;-3;1,894;1,922;-;-
Jan 3, 2022;1:45 AM;0;82;170;75.24;1,894;1,922;-;-
Jan 3, 2022;2:00 AM;0;54;170;52.62;1,894;1,922;-;-
Jan 3, 2022;2:15 AM;0;82;0;75.6;1,894;1,922;-;-
Jan 3, 2022;2:30 AM;0;75;0;68.15;1,894;1,922;-;-
Jan 3, 2022;2:45 AM;0;135;0;113.18;1,894;1,922;-;-
Jan 3, 2022;3:00 AM;1;24;170;37.08;1,894;1,922;-;-
Jan 3, 2022;3:15 AM;0;158;170;133.27;1,894;1,922;-;-
Jan 3, 2022;3:30 AM;0;152;0;125.93;1,894;1,922;-;-
Jan 3, 2022;3:45 AM;0;100;170;91.55;1,894;1,922;-;-
Jan 3, 2022;4:00 AM;1;12;190;31.67;2,125;1,971;-;-
Jan 3, 2022;4:15 AM;2;15;211.31;37.35;2,125;1,971;-;-
Jan 3, 2022;4:30 AM;1;82;190;105.06;2,125;1,971;-;-
Jan 3, 2022;4:45 AM;2;16;207.5;38.96;2,125;1,971;-;-
Jan 3, 2022;5:00 AM;2;1;211.57;7.1;2,125;1,971;-;-
Jan 3, 2022;5:15 AM;12;13;248.5;33.67;2,125;1,971;-;-
Jan 3, 2022;5:30 AM;22;7;262.62;16.59;2,125;1,971;-;-
Jan 3, 2022;5:45 AM;6;15;235.64;38.77;2,125;1,971;-;-
Jan 3, 2022;6:00 AM;2;207;208.1;193.62;2,125;1,971;-;-
Jan 3, 2022;6:15 AM;0;133;190;151.34;2,125;1,971;-;-
Jan 3, 2022;6:30 AM;2;6;200.05;15.09;2,125;1,971;-;-
Jan 3, 2022;6:45 AM;0;79;190;101.65;2,125;1,971;-;-
Jan 3, 2022;7:00 AM;1;150;190;162.13;2,125;1,971;-;-
Jan 3, 2022;7:15 AM;1;10;190;25.4;2,125;1,971;-;-
Jan 3, 2022;7:30 AM;1;2;190;7.73;2,125;1,971;-;-
Jan 3, 2022;7:45 AM;1;1;190;7.42;2,125;1,971;-;-
Jan 3, 2022;8:00 AM;2;5;173.7;-7.18;2,145;2,028;-;-
Jan 3, 2022;8:15 AM;0;32;146.7;13.21;2,145;2,028;-;-
Jan 3, 2022;8:30 AM;0;23;146.7;4.33;2,145;2,028;-;-
Jan 3, 2022;8:45 AM;2;15;159.32;-1.59;2,145;2,028;-;-
Jan 3, 2022;9:00 AM;60;1;273.16;-15.83;2,145;2,028;-;-
Jan 3, 2022;9:15 AM;50;1;265.79;-15.02;2,145;2,028;-;-
Jan 3, 2022;9:30 AM;33;1;245.53;-15.23;2,145;2,028;-;-
Jan 3, 2022;9:45 AM;73;1;281.06;-15.53;2,145;2,028;-;-
Jan 3, 2022;10:00 AM;72;1;280.23;-16.63;2,145;2,028;-;-
Jan 3, 2022;10:15 AM;32;1;243.56;-13.44;2,145;2,028;-;-
Jan 3, 2022;10:30 AM;29;2;236.46;-10.09;2,145;2,028;-;-
Jan 3, 2022;10:45 AM;0;46;146.7;28.1;2,145;2,028;-;-
Jan 3, 2022;11:00 AM;0;22;146.7;3.53;2,145;2,028;-;-
Jan 3, 2022;11:15 AM;1;2;146.7;-9.62;2,145;2,028;-;-
Jan 3, 2022;11:30 AM;0;25;146.7;5.76;2,145;2,028;-;-
Jan 3, 2022;11:45 AM;0;11;146.7;-3.67;2,145;2,028;-;-
Jan 3, 2022;12:00 PM;79;1;298.15;-20;2,164;1,924;-;-
Jan 3, 2022;12:15 PM;40;1;280.78;-20;2,164;1,924;-;-
Jan 3, 2022;12:30 PM;133;0;310.24;-20;2,164;1,924;-;-
Jan 3, 2022;12:45 PM;31;1;271.61;-15.71;2,164;1,924;-;-
Jan 3, 2022;1:00 PM;25;7;262.86;-9.21;2,164;1,924;-;-
Jan 3, 2022;1:15 PM;0;30;203.34;-0.63;2,164;1,924;-;-
Jan 3, 2022;1:30 PM;0;13;203.34;-8.42;2,164;1,924;-;-
Jan 3, 2022;1:45 PM;0;21;203.59;-6.15;2,164;1,924;-;-
Jan 3, 2022;2:00 PM;9;5;206.25;-9.6;2,164;1,924;-;-
Jan 3, 2022;2:15 PM;21;1;255.06;-15.41;2,164;1,924;-;-
Jan 3, 2022;2:30 PM;2;20;203.89;-6.32;2,164;1,924;-;-
Jan 3, 2022;2:45 PM;4;2;203.94;-12.72;2,164;1,924;-;-
Jan 3, 2022;3:00 PM;27;8;266.93;-9.01;2,164;1,924;-;-
Jan 3, 2022;3:15 PM;8;3;203.96;-11.13;2,164;1,924;-;-
Jan 3, 2022;3:30 PM;138;1;311.28;-20;2,164;1,924;-;-
Jan 3, 2022;3:45 PM;30;1;271.15;-20;2,164;1,924;-;-
Jan 3, 2022;4:00 PM;6;32;179.25;-15.93;2,028;2,057;-;-
Jan 3, 2022;4:15 PM;1;16;170;-20.33;2,028;2,057;-;-
Jan 3, 2022;4:30 PM;3;6;170;-25.61;2,028;2,057;-;-
Jan 3, 2022;4:45 PM;14;1;241.41;-31.45;2,028;2,057;-;-
Jan 3, 2022;5:00 PM;1;54;170;-11.12;2,028;2,057;-;-
Jan 3, 2022;5:15 PM;7;8;185.6;-24.04;2,028;2,057;-;-
Jan 3, 2022;5:30 PM;4;1;170;-31.45;2,028;2,057;-;-
Jan 3, 2022;5:45 PM;6;8;181.6;-24.28;2,028;2,057;-;-
Jan 3, 2022;6:00 PM;0;67;170;-8.15;2,028;2,057;-;-
Jan 3, 2022;6:15 PM;1;5;170;-26.32;2,028;2,057;-;-
Jan 3, 2022;6:30 PM;2;15;170;-20.83;2,028;2,057;-;-
Jan 3, 2022;6:45 PM;1;3;170;-28.57;2,028;2,057;-;-
Jan 3, 2022;7:00 PM;204;0;336.74;-31.45;2,028;2,057;-;-
Jan 3, 2022;7:15 PM;217;0;339.15;-31.45;2,028;2,057;-;-
Jan 3, 2022;7:30 PM;239;0;342.84;-31.45;2,028;2,057;-;-
Jan 3, 2022;7:45 PM;32;1;280.79;-31.45;2,028;2,057;-;-
Jan 3, 2022;8:00 PM;159;3;307.74;-27.91;2,074;2,061;-;-
Jan 3, 2022;8:15 PM;62;1;261.12;-30;2,074;2,061;-;-
Jan 3, 2022;8:30 PM;2;1;150;-30;2,074;2,061;-;-
Jan 3, 2022;8:45 PM;0;5;150;-25.86;2,074;2,061;-;-
Jan 3, 2022;9:00 PM;20;13;207.44;-16.86;2,074;2,061;-;-
Jan 3, 2022;9:15 PM;52;2;250.66;-29.38;2,074;2,061;-;-
Jan 3, 2022;9:30 PM;13;34;195.6;-2.33;2,074;2,061;-;-
Jan 3, 2022;9:45 PM;0;129;150;15.83;2,074;2,061;-;-
Jan 3, 2022;10:00 PM;54;48;253.39;2.99;2,074;2,061;-;-
Jan 3, 2022;10:15 PM;1;49;150;3.47;2,074;2,061;-;-
Jan 3, 2022;10:30 PM;2;33;150;-2.54;2,074;2,061;-;-
Jan 3, 2022;10:45 PM;1;32;150;-3.29;2,074;2,061;-;-
Jan 3, 2022;11:00 PM;108;0;287.44;-30;2,074;2,061;-;-
Jan 3, 2022;11:15 PM;0;0;150;-30;2,074;2,061;-;-
Jan 3, 2022;11:30 PM;1;1;150;-30;2,074;2,061;-;-
Jan 3, 2022;11:45 PM;1;1;150;-30;2,074;2,061;-;-
Jan 4, 2022;12:00 AM;2;5;222.77;-41.88;2,019;2,047;-;-
Jan 4, 2022;12:15 AM;1;6;218.61;-41.07;2,019;2,047;-;-
Jan 4, 2022;12:30 AM;1;2;208.29;-43.67;2,019;2,047;-;-
Jan 4, 2022;12:45 AM;0;13;187.48;-37.55;2,019;2,047;-;-
Jan 4, 2022;1:00 AM;0;94;160;-16.8;2,019;2,047;-;-
Jan 4, 2022;1:15 AM;0;91;160;-17.53;2,019;2,047;-;-
Jan 4, 2022;1:30 AM;0;61;160;-24.9;2,019;2,047;-;-
Jan 4, 2022;1:45 AM;0;30;160;-31.67;2,019;2,047;-;-
Jan 4, 2022;2:00 AM;1;15;215.77;-36.78;2,019;2,047;-;-
Jan 4, 2022;2:15 AM;4;1;248.21;-43.8;2,019;2,047;-;-
Jan 4, 2022;2:30 AM;32;2;321.42;-43.6;2,019;2,047;-;-
Jan 4, 2022;2:45 AM;1;3;195.7;-42.82;2,019;2,047;-;-
Jan 4, 2022;3:00 AM;2;1;222.62;-43.99;2,019;2,047;-;-
Jan 4, 2022;3:15 AM;0;1;185.64;-43.99;2,019;2,047;-;-
Jan 4, 2022;3:30 AM;7;2;264.13;-43.37;2,019;2,047;-;-
Jan 4, 2022;3:45 AM;2;1;229.76;-43.94;2,019;2,047;-;-
Jan 4, 2022;4:00 AM;43;1;316;-43.99;2,017;1,982;-;-
Jan 4, 2022;4:15 AM;21;1;300.02;-43.99;2,017;1,982;-;-
Jan 4, 2022;4:30 AM;30;0;309.19;-43.99;2,017;1,982;-;-
Jan 4, 2022;4:45 AM;11;7;282.81;-38.3;2,017;1,982;-;-
Jan 4, 2022;5:00 AM;0;59;185.87;-18.13;2,017;1,982;-;-
Jan 4, 2022;5:15 AM;0;26;160;-28.14;2,017;1,982;-;-
Jan 4, 2022;5:30 AM;48;2;317.96;-42.89;2,017;1,982;-;-
Jan 4, 2022;5:45 AM;7;12;272.13;-34.96;2,017;1,982;-;-
Jan 4, 2022;6:00 AM;0;44;173.6;-22.65;2,017;1,982;-;-
Jan 4, 2022;6:15 AM;1;10;201.05;-36.03;2,017;1,982;-;-
Jan 4, 2022;6:30 AM;2;4;237.89;-41.49;2,017;1,982;-;-
Jan 4, 2022;6:45 AM;2;4;229.55;-41.63;2,017;1,982;-;-
Jan 4, 2022;7:00 AM;0;124;160;-0.5;2,017;1,982;-;-
Jan 4, 2022;7:15 AM;4;46;253.22;-21.99;2,017;1,982;-;-
Jan 4, 2022;7:30 AM;15;1;291.25;-43.99;2,017;1,982;-;-
Jan 4, 2022;7:45 AM;17;1;294.08;-43.99;2,017;1,982;-;-
Jan 4, 2022;8:00 AM;20;68;314.43;-41.16;2,103;2,072;-;-
Jan 4, 2022;8:15 AM;48;1;329.31;-58.92;2,103;2,072;-;-
Jan 4, 2022;8:30 AM;3;1;236.67;-55.63;2,103;2,072;-;-
Jan 4, 2022;8:45 AM;62;1;339.97;-59.96;2,103;2,072;-;-
Jan 4, 2022;9:00 AM;59;0;338.22;-61.69;2,103;2,072;-;-
Jan 4, 2022;9:15 AM;95;0;358.61;-63.03;2,103;2,072;-;-
Jan 4, 2022;9:30 AM;126;0;368.95;-65.08;2,103;2,072;-;-
Jan 4, 2022;9:45 AM;133;0;370.84;-62.29;2,103;2,072;-;-
Jan 4, 2022;10:00 AM;5;1;265.26;-53.39;2,103;2,072;-;-
Jan 4, 2022;10:15 AM;1;1;201.71;-53.99;2,103;2,072;-;-
Jan 4, 2022;10:30 AM;1;1;208.28;-55.78;2,103;2,072;-;-
Jan 4, 2022;10:45 AM;25;0;318.21;-62.74;2,103;2,072;-;-
Jan 4, 2022;11:00 AM;153;1;375.76;-56.37;2,103;2,072;-;-
Jan 4, 2022;11:15 AM;96;0;359.01;-61.21;2,103;2,072;-;-
Jan 4, 2022;11:30 AM;18;1;312.26;-59.41;2,103;2,072;-;-
Jan 4, 2022;11:45 AM;18;1;312.53;-57.59;2,103;2,072;-;-
Jan 4, 2022;12:00 PM;67;1;335.71;-60.51;2,108;2,041;-;-
Jan 4, 2022;12:15 PM;74;1;337.59;-63.26;2,108;2,041;-;-
Jan 4, 2022;12:30 PM;20;1;321.37;-58.74;2,108;2,041;-;-
Jan 4, 2022;12:45 PM;29;10;325.6;-45.63;2,108;2,041;-;-
Jan 4, 2022;1:00 PM;18;8;320.16;-45.96;2,108;2,041;-;-
Jan 4, 2022;1:15 PM;0;35;265.25;-42.34;2,108;2,041;-;-
Jan 4, 2022;1:30 PM;0;83;265.25;-35.63;2,108;2,041;-;-
Jan 4, 2022;1:45 PM;0;153;265.25;-22.96;2,108;2,041;-;-
Jan 4, 2022;2:00 PM;1;75;265.25;-37.08;2,108;2,041;-;-
Jan 4, 2022;2:15 PM;3;1;283.65;-54.55;2,108;2,041;-;-
Jan 4, 2022;2:30 PM;67;1;335.57;-58.88;2,108;2,041;-;-
Jan 4, 2022;2:45 PM;20;1;321.5;-56.87;2,108;2,041;-;-
Jan 4, 2022;3:00 PM;2;3;280.45;-48.7;2,108;2,041;-;-
Jan 4, 2022;3:15 PM;0;75;265.25;-37.08;2,108;2,041;-;-
Jan 4, 2022;3:30 PM;1;23;265.25;-43.66;2,108;2,041;-;-
Jan 4, 2022;3:45 PM;18;1;320.17;-58.09;2,108;2,041;-;-
Jan 4, 2022;4:00 PM;1;2;265.02;-54.06;1,983;2,008;-;-
Jan 4, 2022;4:15 PM;3;2;274.17;-52.64;1,983;2,008;-;-
Jan 4, 2022;4:30 PM;7;1;282.33;-55.46;1,983;2,008;-;-
Jan 4, 2022;4:45 PM;10;1;284.36;-54.44;1,983;2,008;-;-
Jan 4, 2022;5:00 PM;1;124;264.87;-33.54;1,983;2,008;-;-
Jan 4, 2022;5:15 PM;0;44;264.34;-44.68;1,983;2,008;-;-
Jan 4, 2022;5:30 PM;1;14;265.05;-48.3;1,983;2,008;-;-
Jan 4, 2022;5:45 PM;3;1;277.26;-55.44;1,983;2,008;-;-
Jan 4, 2022;6:00 PM;1;12;265.01;-48.62;1,983;2,008;-;-
Jan 4, 2022;6:15 PM;1;6;264.97;-49.99;1,983;2,008;-;-
Jan 4, 2022;6:30 PM;0;19;264.56;-47.74;1,983;2,008;-;-
Jan 4, 2022;6:45 PM;1;7;265.02;-49.7;1,983;2,008;-;-
Jan 4, 2022;7:00 PM;3;4;275.67;-50.82;1,983;2,008;-;-
Jan 4, 2022;7:15 PM;1;29;265.02;-46.5;1,983;2,008;-;-
Jan 4, 2022;7:30 PM;1;99;264.92;-36.54;1,983;2,008;-;-
Jan 4, 2022;7:45 PM;0;156;264.34;-30.17;1,983;2,008;-;-
Jan 4, 2022;8:00 PM;5;27;273.73;-36.79;1,988;2,077;-;-
Jan 4, 2022;8:15 PM;79;0;355.44;-49.22;1,988;2,077;-;-
Jan 4, 2022;8:30 PM;77;0;354.22;-49.49;1,988;2,077;-;-
Jan 4, 2022;8:45 PM;63;1;344.36;-47.71;1,988;2,077;-;-
Jan 4, 2022;9:00 PM;88;0;360.08;-49.18;1,988;2,077;-;-
Jan 4, 2022;9:15 PM;198;0;406.76;-49.59;1,988;2,077;-;-
Jan 4, 2022;9:30 PM;132;1;381.28;-44.01;1,988;2,077;-;-
Jan 4, 2022;9:45 PM;9;0;296.35;-49.28;1,988;2,077;-;-
Jan 4, 2022;10:00 PM;71;8;350.05;-39.58;1,988;2,077;-;-
Jan 4, 2022;10:15 PM;1;1;239.02;-44.97;1,988;2,077;-;-
Jan 4, 2022;10:30 PM;68;0;348.3;-49.45;1,988;2,077;-;-
Jan 4, 2022;10:45 PM;26;1;319.78;-46.35;1,988;2,077;-;-
Jan 4, 2022;11:00 PM;80;2;355.73;-41.92;1,988;2,077;-;-
Jan 4, 2022;11:15 PM;70;0;349.77;-50;1,988;2,077;-;-
Jan 4, 2022;11:30 PM;42;0;326.27;-49.24;1,988;2,077;-;-
Jan 4, 2022;11:45 PM;3;3;249.08;-41.29;1,988;2,077;-;-
Jan 5, 2022;12:00 AM;26;4;294.62;-47.78;2,175;1,982;0.13;6.64
Jan 5, 2022;12:15 AM;62;19;310.89;-46.87;2,175;1,982;0.13;6.64
Jan 5, 2022;12:30 AM;1;16;199.5;-47.04;2,175;1,982;0.13;6.64
Jan 5, 2022;12:45 AM;0;37;180;-45.69;2,175;1,982;0.13;6.64
Jan 5, 2022;1:00 AM;50;0;306.75;-47.93;2,175;1,982;0.13;6.64
Jan 5, 2022;1:15 AM;1;5;224.91;-47.71;2,175;1,982;0.13;6.64
Jan 5, 2022;1:30 AM;1;2;207.09;-47.89;2,175;1,982;0.13;6.64
Jan 5, 2022;1:45 AM;1;6;208.93;-47.61;2,175;1,982;0.13;6.64
Jan 5, 2022;2:00 AM;1;2;220.46;-47.87;2,175;1,982;0.13;6.64
Jan 5, 2022;2:15 AM;0;21;180;-46.72;2,175;1,982;0.13;6.64
Jan 5, 2022;2:30 AM;0;24;180;-46.57;2,175;1,982;0.13;6.64
Jan 5, 2022;2:45 AM;1;12;220.9;-47.27;2,175;1,982;0.13;6.64
Jan 5, 2022;3:00 AM;59;1;309.92;-47.93;2,175;1,982;0.13;6.64
Jan 5, 2022;3:15 AM;40;0;302.31;-47.93;2,175;1,982;0.13;6.64
Jan 5, 2022;3:30 AM;52;0;307.21;-47.93;2,175;1,982;0.13;6.64
Jan 5, 2022;3:45 AM;11;3;275.98;-47.82;2,175;1,982;0.13;6.64
Jan 5, 2022;4:00 AM;42;1;301.57;-38.89;2,192;1,999;0.53;5.4
Jan 5, 2022;4:15 AM;65;0;305.45;-40.93;2,192;1,999;0.53;5.4
Jan 5, 2022;4:30 AM;9;0;280.73;-40.19;2,192;1,999;0.53;5.4
Jan 5, 2022;4:45 AM;48;0;302.74;-41.42;2,192;1,999;0.53;5.4
Jan 5, 2022;5:00 AM;7;8;276.43;-35.43;2,192;1,999;0.53;5.4
Jan 5, 2022;5:15 AM;12;1;286.87;-38.69;2,192;1,999;0.53;5.4
Jan 5, 2022;5:30 AM;17;2;292.13;-38.25;2,192;1,999;0.53;5.4
Jan 5, 2022;5:45 AM;0;3;191.5;-36.99;2,192;1,999;0.53;5.4
Jan 5, 2022;6:00 AM;6;79;270.67;-26.61;2,192;1,999;0.53;5.4
Jan 5, 2022;6:15 AM;56;1;304.18;-39.22;2,192;1,999;0.53;5.4
Jan 5, 2022;6:30 AM;75;1;306.88;-39.71;2,192;1,999;0.53;5.4
Jan 5, 2022;6:45 AM;58;1;304.34;-38.94;2,192;1,999;0.53;5.4
Jan 5, 2022;7:00 AM;2;74;247.03;-27.1;2,192;1,999;0.53;5.4
Jan 5, 2022;7:15 AM;1;35;244.94;-31.91;2,192;1,999;0.53;5.4
Jan 5, 2022;7:30 AM;6;3;271.38;-37.44;2,192;1,999;0.53;5.4
Jan 5, 2022;7:45 AM;17;0;292.38;-40.11;2,192;1,999;0.53;5.4
Jan 5, 2022;8:00 AM;1;58;232.02;-55.35;2,205;2,014;1.72;0.69
Jan 5, 2022;8:15 AM;2;19;248.24;-62.38;2,205;2,014;1.72;0.69
Jan 5, 2022;8:30 AM;29;0;327.34;-65.4;2,205;2,014;1.72;0.69
Jan 5, 2022;8:45 AM;178;0;371.34;-65.4;2,205;2,014;1.72;0.69
Jan 5, 2022;9:00 AM;275;0;393.18;-65.4;2,205;2,014;1.72;0.69
Jan 5, 2022;9:15 AM;183;0;372.27;-65.4;2,205;2,014;1.72;0.69
Jan 5, 2022;9:30 AM;145;0;364.32;-65.4;2,205;2,014;1.72;0.69
Jan 5, 2022;9:45 AM;19;1;315.93;-65.4;2,205;2,014;1.72;0.69
Jan 5, 2022;10:00 AM;1;2;219.08;-65.4;2,205;2,014;1.72;0.69
Jan 5, 2022;10:15 AM;3;15;250.57;-63.17;2,205;2,014;1.72;0.69
Jan 5, 2022;10:30 AM;1;8;212.86;-64.29;2,205;2,014;1.72;0.69
Jan 5, 2022;10:45 AM;1;10;234.64;-63.98;2,205;2,014;1.72;0.69
Jan 5, 2022;11:00 AM;36;1;331.63;-65.4;2,205;2,014;1.72;0.69
Jan 5, 2022;11:15 AM;44;0;335.49;-65.4;2,205;2,014;1.72;0.69
Jan 5, 2022;11:30 AM;39;1;333.42;-65.4;2,205;2,014;1.72;0.69
Jan 5, 2022;11:45 AM;23;1;321.91;-65.4;2,205;2,014;1.72;0.69
Jan 5, 2022;12:00 PM;85;0;337.09;-64.34;2,197;2,002;1.34;0.48
Jan 5, 2022;12:15 PM;4;15;269.65;-46.32;2,197;2,002;1.34;0.48
Jan 5, 2022;12:30 PM;0;44;180;-43.54;2,197;2,002;1.34;0.48
Jan 5, 2022;12:45 PM;0;18;195.46;-45.97;2,197;2,002;1.34;0.48
Jan 5, 2022;1:00 PM;60;1;328.64;-56.1;2,197;2,002;1.34;0.48
Jan 5, 2022;1:15 PM;47;1;324.32;-56.01;2,197;2,002;1.34;0.48
Jan 5, 2022;1:30 PM;49;1;324.93;-59.3;2,197;2,002;1.34;0.48
Jan 5, 2022;1:45 PM;1;39;240.82;-43.96;2,197;2,002;1.34;0.48
Jan 5, 2022;2:00 PM;2;5;246.9;-50.05;2,197;2,002;1.34;0.48
Jan 5, 2022;2:15 PM;2;3;251.59;-53.54;2,197;2,002;1.34;0.48
Jan 5, 2022;2:30 PM;13;1;304.89;-56.97;2,197;2,002;1.34;0.48
Jan 5, 2022;2:45 PM;39;1;321.34;-57.06;2,197;2,002;1.34;0.48
Jan 5, 2022;3:00 PM;34;2;319.37;-55.88;2,197;2,002;1.34;0.48
Jan 5, 2022;3:15 PM;17;1;308.79;-56.06;2,197;2,002;1.34;0.48
Jan 5, 2022;3:30 PM;4;1;272.71;-57.65;2,197;2,002;1.34;0.48
Jan 5, 2022;3:45 PM;0;1;182.2;-57.39;2,197;2,002;1.34;0.48
Jan 5, 2022;4:00 PM;2;17;167.35;-48.64;2,072;2,054;3.87;0.26
Jan 5, 2022;4:15 PM;45;1;289.34;-56.7;2,072;2,054;3.87;0.26
Jan 5, 2022;4:30 PM;207;0;356.72;-56.7;2,072;2,054;3.87;0.26
Jan 5, 2022;4:45 PM;281;0;372.04;-56.7;2,072;2,054;3.87;0.26
Jan 5, 2022;5:00 PM;198;1;354.88;-56.7;2,072;2,054;3.87;0.26
Jan 5, 2022;5:15 PM;45;1;289.56;-56.7;2,072;2,054;3.87;0.26
Jan 5, 2022;5:30 PM;90;1;325.51;-56.7;2,072;2,054;3.87;0.26
Jan 5, 2022;5:45 PM;27;2;253.12;-54.37;2,072;2,054;3.87;0.26
Jan 5, 2022;6:00 PM;1;37;145.17;-46.68;2,072;2,054;3.87;0.26
Jan 5, 2022;6:15 PM;1;24;137.5;-47.79;2,072;2,054;3.87;0.26
Jan 5, 2022;6:30 PM;6;2;204.81;-54.83;2,072;2,054;3.87;0.26
Jan 5, 2022;6:45 PM;3;2;189.43;-54.3;2,072;2,054;3.87;0.26
Jan 5, 2022;7:00 PM;13;3;219.64;-53.37;2,072;2,054;3.87;0.26
Jan 5, 2022;7:15 PM;2;25;181.17;-47.7;2,072;2,054;3.87;0.26
Jan 5, 2022;7:30 PM;1;91;137.5;-43.71;2,072;2,054;3.87;0.26
Jan 5, 2022;7:45 PM;2;85;166.03;-44.01;2,072;2,054;3.87;0.26
Jan 5, 2022;8:00 PM;16;2;303.62;-64;2,060;2,014;0.76;0.51
Jan 5, 2022;8:15 PM;19;33;318.68;-55.11;2,060;2,014;0.76;0.51
Jan 5, 2022;8:30 PM;1;18;137.5;-56.68;2,060;2,014;0.76;0.51
Jan 5, 2022;8:45 PM;1;9;137.5;-58.16;2,060;2,014;0.76;0.51
Jan 5, 2022;9:00 PM;3;6;194.16;-59.23;2,060;2,014;0.76;0.51
Jan 5, 2022;9:15 PM;3;2;196.7;-63.66;2,060;2,014;0.76;0.51
Jan 5, 2022;9:30 PM;1;45;137.5;-54.06;2,060;2,014;0.76;0.51
Jan 5, 2022;9:45 PM;0;244;137.5;-32.6;2,060;2,014;0.76;0.51
Jan 5, 2022;10:00 PM;1;99;137.5;-50;2,060;2,014;0.76;0.51
Jan 5, 2022;10:15 PM;0;157;137.5;-43.86;2,060;2,014;0.76;0.51
Jan 5, 2022;10:30 PM;0;69;137.5;-52.19;2,060;2,014;0.76;0.51
Jan 5, 2022;10:45 PM;0;178;137.5;-41.25;2,060;2,014;0.76;0.51
Jan 5, 2022;11:00 PM;19;7;318.66;-58.86;2,060;2,014;0.76;0.51
Jan 5, 2022;11:15 PM;1;35;137.5;-54.91;2,060;2,014;0.76;0.51
Jan 5, 2022;11:30 PM;1;12;137.5;-57.65;2,060;2,014;0.76;0.51
Jan 5, 2022;11:45 PM;3;4;194.52;-60.45;2,060;2,014;0.76;0.51
Jan 6, 2022;12:00 AM;46;1;314.1;-55.88;2,181;1,999;0.11;5.53
Jan 6, 2022;12:15 AM;8;3;272.89;-54.6;2,181;1,999;0.11;5.53
Jan 6, 2022;12:30 AM;2;1;225.57;-56.36;2,181;1,999;0.11;5.53
Jan 6, 2022;12:45 AM;73;0;322.13;-57.64;2,181;1,999;0.11;5.53
Jan 6, 2022;1:00 AM;149;1;346.17;-56.78;2,181;1,999;0.11;5.53
Jan 6, 2022;1:15 AM;165;0;350.47;-58.23;2,181;1,999;0.11;5.53
Jan 6, 2022;1:30 AM;87;0;325.5;-57.19;2,181;1,999;0.11;5.53
Jan 6, 2022;1:45 AM;0;7;137.5;-49.1;2,181;1,999;0.11;5.53
Jan 6, 2022;2:00 AM;1;11;177.51;-46.45;2,181;1,999;0.11;5.53
Jan 6, 2022;2:15 AM;1;2;212.47;-55.18;2,181;1,999;0.11;5.53
Jan 6, 2022;2:30 AM;0;4;137.5;-52.79;2,181;1,999;0.11;5.53
Jan 6, 2022;2:45 AM;1;31;165.95;-41.53;2,181;1,999;0.11;5.53
Jan 6, 2022;3:00 AM;45;9;313.66;-47.72;2,181;1,999;0.11;5.53
Jan 6, 2022;3:15 AM;139;1;343.29;-56.95;2,181;1,999;0.11;5.53
Jan 6, 2022;3:30 AM;146;0;345.29;-57.84;2,181;1,999;0.11;5.53
Jan 6, 2022;3:45 AM;51;1;315.71;-56.07;2,181;1,999;0.11;5.53
Jan 6, 2022;4:00 AM;89;1;307.73;-53.61;2,115;1,997;0.61;4.37
Jan 6, 2022;4:15 AM;14;1;269.03;-53.33;2,115;1,997;0.61;4.37
Jan 6, 2022;4:30 AM;25;1;281.96;-49.74;2,115;1,997;0.61;4.37
Jan 6, 2022;4:45 AM;1;31;150.97;-40.72;2,115;1,997;0.61;4.37
Jan 6, 2022;5:00 AM;1;111;137.51;-35.8;2,115;1,997;0.61;4.37
Jan 6, 2022;5:15 AM;0;146;137.5;-33.71;2,115;1,997;0.61;4.37
Jan 6, 2022;5:30 AM;1;37;137.51;-39.99;2,115;1,997;0.61;4.37
Jan 6, 2022;5:45 AM;1;31;137.51;-40.7;2,115;1,997;0.61;4.37
Jan 6, 2022;6:00 AM;11;88;262.37;-36.7;2,115;1,997;0.61;4.37
Jan 6, 2022;6:15 AM;23;20;280.06;-42.03;2,115;1,997;0.61;4.37
Jan 6, 2022;6:30 AM;123;0;318.14;-58.22;2,115;1,997;0.61;4.37
Jan 6, 2022;6:45 AM;150;1;326.5;-51.77;2,115;1,997;0.61;4.37
Jan 6, 2022;7:00 AM;169;1;332.42;-54.51;2,115;1,997;0.61;4.37
Jan 6, 2022;7:15 AM;228;1;349.48;-54.87;2,115;1,997;0.61;4.37
Jan 6, 2022;7:30 AM;215;0;346.09;-59.18;2,115;1,997;0.61;4.37
Jan 6, 2022;7:45 AM;227;0;349.41;-60.55;2,115;1,997;0.61;4.37
Jan 6, 2022;8:00 AM;171;1;386.57;-66.83;2,119;2,032;2.58;0.47
Jan 6, 2022;8:15 AM;229;1;410.41;-73.21;2,119;2,032;2.58;0.47
Jan 6, 2022;8:30 AM;385;0;504.29;-85;2,119;2,032;2.58;0.47
Jan 6, 2022;8:45 AM;200;0;398.13;-76.47;2,119;2,032;2.58;0.47
Jan 6, 2022;9:00 AM;100;0;361.16;-77.35;2,119;2,032;2.58;0.47
Jan 6, 2022;9:15 AM;149;0;377.52;-79.9;2,119;2,032;2.58;0.47
Jan 6, 2022;9:30 AM;78;1;350.45;-66.58;2,119;2,032;2.58;0.47
Jan 6, 2022;9:45 AM;1;1;137.5;-66.65;2,119;2,032;2.58;0.47
Jan 6, 2022;10:00 AM;43;1;327.2;-67.94;2,119;2,032;2.58;0.47
Jan 6, 2022;10:15 AM;5;1;230.16;-70.2;2,119;2,032;2.58;0.47
Jan 6, 2022;10:30 AM;65;1;342.01;-67.09;2,119;2,032;2.58;0.47
Jan 6, 2022;10:45 AM;1;37;137.5;-60.5;2,119;2,032;2.58;0.47
Jan 6, 2022;11:00 AM;0;60;137.5;-59.59;2,119;2,032;2.58;0.47
Jan 6, 2022;11:15 AM;0;40;137.5;-60.4;2,119;2,032;2.58;0.47
Jan 6, 2022;11:30 AM;1;5;137.51;-63.12;2,119;2,032;2.58;0.47
Jan 6, 2022;11:45 AM;0;79;137.5;-58.95;2,119;2,032;2.58;0.47
Jan 6, 2022;12:00 PM;8;12;250.97;-77.67;2,069;2,020;1.7;0.35
Jan 6, 2022;12:15 PM;2;18;172.65;-77.28;2,069;2,020;1.7;0.35
Jan 6, 2022;12:30 PM;1;17;137.5;-77.37;2,069;2,020;1.7;0.35
Jan 6, 2022;12:45 PM;1;48;137.5;-75.81;2,069;2,020;1.7;0.35
Jan 6, 2022;1:00 PM;1;15;137.5;-77.47;2,069;2,020;1.7;0.35
Jan 6, 2022;1:15 PM;1;15;137.5;-77.49;2,069;2,020;1.7;0.35
Jan 6, 2022;1:30 PM;1;19;158.42;-77.26;2,069;2,020;1.7;0.35
Jan 6, 2022;1:45 PM;0;31;137.5;-76.57;2,069;2,020;1.7;0.35
Jan 6, 2022;2:00 PM;1;25;137.5;-76.93;2,069;2,020;1.7;0.35
Jan 6, 2022;2:15 PM;8;2;245.55;-78.72;2,069;2,020;1.7;0.35
Jan 6, 2022;2:30 PM;32;2;321;-78.9;2,069;2,020;1.7;0.35
Jan 6, 2022;2:45 PM;18;1;287.28;-79.24;2,069;2,020;1.7;0.35
Jan 6, 2022;3:00 PM;37;1;333.68;-80.55;2,069;2,020;1.7;0.35
Jan 6, 2022;3:15 PM;55;1;365.11;-80.19;2,069;2,020;1.7;0.35
Jan 6, 2022;3:30 PM;110;1;407.07;-79.3;2,069;2,020;1.7;0.35
Jan 6, 2022;3:45 PM;87;1;394.5;-80.02;2,069;2,020;1.7;0.35
Jan 6, 2022;4:00 PM;5;2;276.89;-82.33;2,046;2,087;4.56;0.18
Jan 6, 2022;4:15 PM;1;1;225.66;-83;2,046;2,087;4.56;0.18
Jan 6, 2022;4:30 PM;0;1;216;-83.05;2,046;2,087;4.56;0.18
Jan 6, 2022;4:45 PM;1;2;216;-82.44;2,046;2,087;4.56;0.18
Jan 6, 2022;5:00 PM;4;1;262.04;-82.57;2,046;2,087;4.56;0.18
Jan 6, 2022;5:15 PM;2;1;248.81;-83.49;2,046;2,087;4.56;0.18
Jan 6, 2022;5:30 PM;8;1;291.28;-82.73;2,046;2,087;4.56;0.18
Jan 6, 2022;5:45 PM;20;1;314.54;-82.74;2,046;2,087;4.56;0.18
Jan 6, 2022;6:00 PM;1;28;216;-80.72;2,046;2,087;4.56;0.18
Jan 6, 2022;6:15 PM;1;33;216;-80.45;2,046;2,087;4.56;0.18
Jan 6, 2022;6:30 PM;0;73;216;-78.37;2,046;2,087;4.56;0.18
Jan 6, 2022;6:45 PM;1;36;216;-80.27;2,046;2,087;4.56;0.18
Jan 6, 2022;7:00 PM;1;43;216;-79.89;2,046;2,087;4.56;0.18
Jan 6, 2022;7:15 PM;1;21;216;-81.08;2,046;2,087;4.56;0.18
Jan 6, 2022;7:30 PM;2;36;234.64;-80.29;2,046;2,087;4.56;0.18
Jan 6, 2022;7:45 PM;0;100;216;-76.81;2,046;2,087;4.56;0.18
Jan 6, 2022;8:00 PM;7;6;282.17;-56.68;2,001;2,035;0.79;0.32
Jan 6, 2022;8:15 PM;1;53;138.41;-48.49;2,001;2,035;0.79;0.32
Jan 6, 2022;8:30 PM;0;84;137.5;-40.75;2,001;2,035;0.79;0.32
Jan 6, 2022;8:45 PM;0;41;137.5;-52.13;2,001;2,035;0.79;0.32
Jan 6, 2022;9:00 PM;2;6;211.37;-56.5;2,001;2,035;0.79;0.32
Jan 6, 2022;9:15 PM;10;3;302.12;-58.51;2,001;2,035;0.79;0.32
Jan 6, 2022;9:30 PM;48;7;391.3;-56.18;2,001;2,035;0.79;0.32
Jan 6, 2022;9:45 PM;1;23;137.5;-54;2,001;2,035;0.79;0.32
Jan 6, 2022;10:00 PM;50;4;392.6;-57.46;2,001;2,035;0.79;0.32
Jan 6, 2022;10:15 PM;2;5;188.37;-57.02;2,001;2,035;0.79;0.32
Jan 6, 2022;10:30 PM;32;17;373.73;-54.66;2,001;2,035;0.79;0.32
Jan 6, 2022;10:45 PM;1;2;155.93;-61.46;2,001;2,035;0.79;0.32
Jan 6, 2022;11:00 PM;58;1;398.15;-63.25;2,001;2,035;0.79;0.32
Jan 6, 2022;11:15 PM;11;6;305.62;-56.62;2,001;2,035;0.79;0.32
Jan 6, 2022;11:30 PM;1;1;152.39;-69.51;2,001;2,035;0.79;0.32
Jan 6, 2022;11:45 PM;3;1;228.4;-69.3;2,001;2,035;0.79;0.32
Jan 7, 2022;12:00 AM;1;11;211.5;-48.95;2,124;1,964;0.11;5.11
Jan 7, 2022;12:15 AM;1;111;202.2;-39.39;2,124;1,964;0.11;5.11
Jan 7, 2022;12:30 AM;0;183;139.49;-28.86;2,124;1,964;0.11;5.11
Jan 7, 2022;12:45 AM;0;254;139.98;-15.61;2,124;1,964;0.11;5.11
Jan 7, 2022;1:00 AM;36;12;293.86;-48.86;2,124;1,964;0.11;5.11
Jan 7, 2022;1:15 AM;5;5;257.63;-49.72;2,124;1,964;0.11;5.11
Jan 7, 2022;1:30 AM;2;6;239.16;-49.47;2,124;1,964;0.11;5.11
Jan 7, 2022;1:45 AM;0;35;140.29;-47.25;2,124;1,964;0.11;5.11
Jan 7, 2022;2:00 AM;64;1;320.11;-56.04;2,124;1,964;0.11;5.11
Jan 7, 2022;2:15 AM;22;14;284.41;-48.72;2,124;1,964;0.11;5.11
Jan 7, 2022;2:30 AM;1;94;143.73;-41.31;2,124;1,964;0.11;5.11
Jan 7, 2022;2:45 AM;0;176;138.34;-29.71;2,124;1,964;0.11;5.11
Jan 7, 2022;3:00 AM;2;68;228.45;-43.92;2,124;1,964;0.11;5.11
Jan 7, 2022;3:15 AM;1;28;146.67;-47.74;2,124;1,964;0.11;5.11
Jan 7, 2022;3:30 AM;1;13;169.69;-48.82;2,124;1,964;0.11;5.11
Jan 7, 2022;3:45 AM;1;17;189.52;-48.48;2,124;1,964;0.11;5.11
Jan 7, 2022;4:00 AM;2;9;200.32;-44.79;2,155;2,065;0.57;3.85
Jan 7, 2022;4:15 AM;1;1;156.26;-49.49;2,155;2,065;0.57;3.85
Jan 7, 2022;4:30 AM;3;1;219.05;-49.58;2,155;2,065;0.57;3.85
Jan 7, 2022;4:45 AM;1;1;143.51;-52.76;2,155;2,065;0.57;3.85
Jan 7, 2022;5:00 AM;2;2;184.15;-47.84;2,155;2,065;0.57;3.85
Jan 7, 2022;5:15 AM;1;7;152.55;-45.24;2,155;2,065;0.57;3.85
Jan 7, 2022;5:30 AM;1;3;162.08;-47.01;2,155;2,065;0.57;3.85
Jan 7, 2022;5:45 AM;1;11;159.37;-44.29;2,155;2,065;0.57;3.85
Jan 7, 2022;6:00 AM;1;139;140.99;-31.61;2,155;2,065;0.57;3.85
Jan 7, 2022;6:15 AM;0;105;137.5;-35.44;2,155;2,065;0.57;3.85
Jan 7, 2022;6:30 AM;0;99;137.5;-35.78;2,155;2,065;0.57;3.85
Jan 7, 2022;6:45 AM;0;179;137.5;-26.6;2,155;2,065;0.57;3.85
Jan 7, 2022;7:00 AM;1;223;137.5;-19.51;2,155;2,065;0.57;3.85
Jan 7, 2022;7:15 AM;0;161;137.5;-28.81;2,155;2,065;0.57;3.85
Jan 7, 2022;7:30 AM;0;78;137.5;-36.97;2,155;2,065;0.57;3.85
Jan 7, 2022;7:45 AM;0;24;137.5;-42.52;2,155;2,065;0.57;3.85
Jan 7, 2022;8:00 AM;0;164;137.5;-48.07;2,196;2,064;2.15;0.43
Jan 7, 2022;8:15 AM;0;111;137.5;-50.89;2,196;2,064;2.15;0.43
Jan 7, 2022;8:30 AM;1;10;137.5;-63.94;2,196;2,064;2.15;0.43
Jan 7, 2022;8:45 AM;3;1;209.72;-65;2,196;2,064;2.15;0.43
Jan 7, 2022;9:00 AM;0;28;137.5;-61.48;2,196;2,064;2.15;0.43
Jan 7, 2022;9:15 AM;0;9;137.5;-64.1;2,196;2,064;2.15;0.43
Jan 7, 2022;9:30 AM;0;4;137.5;-64.75;2,196;2,064;2.15;0.43
Jan 7, 2022;9:45 AM;1;1;137.5;-65;2,196;2,064;2.15;0.43
Jan 7, 2022;10:00 AM;14;2;283.82;-65;2,196;2,064;2.15;0.43
Jan 7, 2022;10:15 AM;1;10;153.1;-63.86;2,196;2,064;2.15;0.43
Jan 7, 2022;10:30 AM;0;5;137.5;-64.63;2,196;2,064;2.15;0.43
Jan 7, 2022;10:45 AM;1;2;139.31;-65;2,196;2,064;2.15;0.43
Jan 7, 2022;11:00 AM;0;47;137.5;-58.54;2,196;2,064;2.15;0.43
Jan 7, 2022;11:15 AM;0;130;137.5;-49.73;2,196;2,064;2.15;0.43
Jan 7, 2022;11:30 AM;0;46;137.5;-58.69;2,196;2,064;2.15;0.43
Jan 7, 2022;11:45 AM;4;1;222.32;-65;2,196;2,064;2.15;0.43
Jan 7, 2022;12:00 PM;12;2;296.01;-75;2,163;2,065;1.44;0.29
Jan 7, 2022;12:15 PM;4;2;233.89;-75;2,163;2,065;1.44;0.29
Jan 7, 2022;12:30 PM;95;0;362.66;-75;2,163;2,065;1.44;0.29
Jan 7, 2022;12:45 PM;21;2;317.89;-75;2,163;2,065;1.44;0.29
Jan 7, 2022;1:00 PM;2;4;207.08;-74.72;2,163;2,065;1.44;0.29
Jan 7, 2022;1:15 PM;0;11;137.5;-73.81;2,163;2,065;1.44;0.29
Jan 7, 2022;1:30 PM;2;6;194.77;-74.45;2,163;2,065;1.44;0.29
Jan 7, 2022;1:45 PM;1;8;137.51;-74.26;2,163;2,065;1.44;0.29
Jan 7, 2022;2:00 PM;2;9;197.5;-74.04;2,163;2,065;1.44;0.29
Jan 7, 2022;2:15 PM;15;0;305.6;-75;2,163;2,065;1.44;0.29
Jan 7, 2022;2:30 PM;79;0;358.31;-75;2,163;2,065;1.44;0.29
Jan 7, 2022;2:45 PM;142;0;372.09;-75;2,163;2,065;1.44;0.29
Jan 7, 2022;3:00 PM;27;1;327.97;-75;2,163;2,065;1.44;0.29
Jan 7, 2022;3:15 PM;3;2;225.86;-75;2,163;2,065;1.44;0.29
Jan 7, 2022;3:30 PM;69;1;355.04;-75;2,163;2,065;1.44;0.29
Jan 7, 2022;3:45 PM;14;1;302.79;-75;2,163;2,065;1.44;0.29
Jan 7, 2022;4:00 PM;15;13;320.39;-83.49;2,196;2,038;4.09;0.15
Jan 7, 2022;4:15 PM;7;7;293.49;-84.37;2,196;2,038;4.09;0.15
Jan 7, 2022;4:30 PM;18;1;324.5;-85;2,196;2,038;4.09;0.15
Jan 7, 2022;4:45 PM;17;1;323.3;-85;2,196;2,038;4.09;0.15
Jan 7, 2022;5:00 PM;5;2;282.88;-85;2,196;2,038;4.09;0.15
Jan 7, 2022;5:15 PM;38;9;344.86;-84.06;2,196;2,038;4.09;0.15
Jan 7, 2022;5:30 PM;158;0;380.96;-85;2,196;2,038;4.09;0.15
Jan 7, 2022;5:45 PM;96;0;368.54;-85;2,196;2,038;4.09;0.15
Jan 7, 2022;6:00 PM;18;1;324.35;-85;2,196;2,038;4.09;0.15
Jan 7, 2022;6:15 PM;46;0;350.33;-85;2,196;2,038;4.09;0.15
Jan 7, 2022;6:30 PM;44;0;349.16;-85;2,196;2,038;4.09;0.15
Jan 7, 2022;6:45 PM;64;1;358.89;-85;2,196;2,038;4.09;0.15
Jan 7, 2022;7:00 PM;64;0;358.95;-85;2,196;2,038;4.09;0.15
Jan 7, 2022;7:15 PM;28;1;336.16;-85;2,196;2,038;4.09;0.15
Jan 7, 2022;7:30 PM;22;1;329.29;-85;2,196;2,038;4.09;0.15
Jan 7, 2022;7:45 PM;8;7;302.04;-84.31;2,196;2,038;4.09;0.15
Jan 7, 2022;8:00 PM;26;1;333.52;-98.27;2,043;2,006;0.69;0.28
Jan 7, 2022;8:15 PM;33;12;338.5;-95.71;2,043;2,006;0.69;0.28
Jan 7, 2022;8:30 PM;10;12;298.75;-95.66;2,043;2,006;0.69;0.28
Jan 7, 2022;8:45 PM;1;45;167.58;-90.34;2,043;2,006;0.69;0.28
Jan 7, 2022;9:00 PM;4;8;232.92;-96.26;2,043;2,006;0.69;0.28
Jan 7, 2022;9:15 PM;2;1;207.1;-98.27;2,043;2,006;0.69;0.28
Jan 7, 2022;9:30 PM;1;2;137.5;-97.71;2,043;2,006;0.69;0.28
Jan 7, 2022;9:45 PM;2;54;194.25;-88.95;2,043;2,006;0.69;0.28
Jan 7, 2022;10:00 PM;1;11;138.94;-95.81;2,043;2,006;0.69;0.28
Jan 7, 2022;10:15 PM;30;21;336.05;-94.27;2,043;2,006;0.69;0.28
Jan 7, 2022;10:30 PM;0;140;137.5;-77.91;2,043;2,006;0.69;0.28
Jan 7, 2022;10:45 PM;0;186;137.5;-72.14;2,043;2,006;0.69;0.28
Jan 7, 2022;11:00 PM;1;46;137.5;-90.16;2,043;2,006;0.69;0.28
Jan 7, 2022;11:15 PM;3;3;220.94;-97.63;2,043;2,006;0.69;0.28
Jan 7, 2022;11:30 PM;75;0;353.31;-98.27;2,043;2,006;0.69;0.28
Jan 7, 2022;11:45 PM;3;1;225.6;-98.27;2,043;2,006;0.69;0.28
Jan 8, 2022;12:00 AM;1;7;142.31;-74.68;2,132;1,937;0.11;4.23
Jan 8, 2022;12:15 AM;2;16;170.99;-72.94;2,132;1,937;0.11;4.23
Jan 8, 2022;12:30 AM;0;14;139.94;-73.34;2,132;1,937;0.11;4.23
Jan 8, 2022;12:45 AM;0;86;137.5;-61.48;2,132;1,937;0.11;4.23
Jan 8, 2022;1:00 AM;1;12;160.09;-73.81;2,132;1,937;0.11;4.23
Jan 8, 2022;1:15 AM;12;1;276.97;-75.5;2,132;1,937;0.11;4.23
Jan 8, 2022;1:30 AM;20;10;308.04;-74.13;2,132;1,937;0.11;4.23
Jan 8, 2022;1:45 AM;1;11;163.97;-74.02;2,132;1,937;0.11;4.23
Jan 8, 2022;2:00 AM;7;1;242.3;-75.93;2,132;1,937;0.11;4.23
Jan 8, 2022;2:15 AM;14;4;288.67;-75.07;2,132;1,937;0.11;4.23
Jan 8, 2022;2:30 AM;1;10;154.78;-74.22;2,132;1,937;0.11;4.23
Jan 8, 2022;2:45 AM;1;26;151.22;-71.39;2,132;1,937;0.11;4.23
Jan 8, 2022;3:00 AM;3;3;199.49;-75.11;2,132;1,937;0.11;4.23
Jan 8, 2022;3:15 AM;5;0;229.92;-76.86;2,132;1,937;0.11;4.23
Jan 8, 2022;3:30 AM;50;1;354.1;-76.04;2,132;1,937;0.11;4.23
Jan 8, 2022;3:45 AM;26;1;323.63;-75.66;2,132;1,937;0.11;4.23
Jan 8, 2022;4:00 AM;17;1;264.6;-59.27;2,087;1,963;0.42;3.16
Jan 8, 2022;4:15 AM;23;0;273.67;-71.84;2,087;1,963;0.42;3.16
Jan 8, 2022;4:30 AM;128;0;346.22;-69.81;2,087;1,963;0.42;3.16
Jan 8, 2022;4:45 AM;118;0;342.29;-77;2,087;1,963;0.42;3.16
Jan 8, 2022;5:00 AM;17;1;263.46;-56.26;2,087;1,963;0.42;3.16
Jan 8, 2022;5:15 AM;0;75;137.5;-23.54;2,087;1,963;0.42;3.16
Jan 8, 2022;5:30 AM;2;32;159.19;-31.46;2,087;1,963;0.42;3.16
Jan 8, 2022;5:45 AM;5;66;212.68;-24.42;2,087;1,963;0.42;3.16
Jan 8, 2022;6:00 AM;0;38;137.5;-29.73;2,087;1,963;0.42;3.16
Jan 8, 2022;6:15 AM;0;1;137.5;-54.63;2,087;1,963;0.42;3.16
Jan 8, 2022;6:30 AM;2;1;151.8;-53;2,087;1,963;0.42;3.16
Jan 8, 2022;6:45 AM;0;1;137.5;-54.7;2,087;1,963;0.42;3.16
Jan 8, 2022;7:00 AM;0;15;137.5;-38.14;2,087;1,963;0.42;3.16
Jan 8, 2022;7:15 AM;1;3;151.1;-47.13;2,087;1,963;0.42;3.16
Jan 8, 2022;7:30 AM;1;1;137.5;-53.37;2,087;1,963;0.42;3.16
Jan 8, 2022;7:45 AM;1;2;139.15;-49.25;2,087;1,963;0.42;3.16
Jan 8, 2022;8:00 AM;0;111;137.5;-35.52;2,038;2,058;1.63;0.35
Jan 8, 2022;8:15 AM;0;227;137.5;-9.19;2,038;2,058;1.63;0.35
Jan 8, 2022;8:30 AM;0;174;137.5;-24.33;2,038;2,058;1.63;0.35
Jan 8, 2022;8:45 AM;0;15;137.5;-50.2;2,038;2,058;1.63;0.35
Jan 8, 2022;9:00 AM;1;37;137.5;-46.44;2,038;2,058;1.63;0.35
Jan 8, 2022;9:15 AM;7;1;226.1;-63.65;2,038;2,058;1.63;0.35
Jan 8, 2022;9:30 AM;25;1;298.84;-68.7;2,038;2,058;1.63;0.35
Jan 8, 2022;9:45 AM;5;1;213.11;-67.7;2,038;2,058;1.63;0.35
Jan 8, 2022;10:00 AM;268;0;446.82;-77;2,038;2,058;1.63;0.35
Jan 8, 2022;10:15 AM;61;17;329.32;-49.64;2,038;2,058;1.63;0.35
Jan 8, 2022;10:30 AM;0;18;137.5;-49.59;2,038;2,058;1.63;0.35
Jan 8, 2022;10:45 AM;0;19;137.5;-49.34;2,038;2,058;1.63;0.35
Jan 8, 2022;11:00 AM;16;9;276.77;-51.94;2,038;2,058;1.63;0.35
Jan 8, 2022;11:15 AM;8;0;234.49;-70.52;2,038;2,058;1.63;0.35
Jan 8, 2022;11:30 AM;14;1;270.51;-61.35;2,038;2,058;1.63;0.35
Jan 8, 2022;11:45 AM;0;7;137.5;-53.06;2,038;2,058;1.63;0.35
Jan 8, 2022;12:00 PM;31;0;308.59;-75.28;2,066;1,872;1.06;0.25
Jan 8, 2022;12:15 PM;7;5;232.59;-46.86;2,066;1,872;1.06;0.25
Jan 8, 2022;12:30 PM;1;4;137.5;-48.76;2,066;1,872;1.06;0.25
Jan 8, 2022;12:45 PM;0;95;137.5;-32.64;2,066;1,872;1.06;0.25
Jan 8, 2022;1:00 PM;0;6;137.5;-46.76;2,066;1,872;1.06;0.25
Jan 8, 2022;1:15 PM;1;22;142.05;-40.47;2,066;1,872;1.06;0.25
Jan 8, 2022;1:30 PM;0;49;137.5;-36.59;2,066;1,872;1.06;0.25
Jan 8, 2022;1:45 PM;0;50;137.5;-36.49;2,066;1,872;1.06;0.25
Jan 8, 2022;2:00 PM;2;18;154.73;-41.66;2,066;1,872;1.06;0.25
Jan 8, 2022;2:15 PM;0;73;137.5;-34.41;2,066;1,872;1.06;0.25
Jan 8, 2022;2:30 PM;6;29;219.81;-39.11;2,066;1,872;1.06;0.25
Jan 8, 2022;2:45 PM;11;1;254.82;-69.99;2,066;1,872;1.06;0.25
Jan 8, 2022;3:00 PM;5;2;205.52;-53.85;2,066;1,872;1.06;0.25
Jan 8, 2022;3:15 PM;30;0;306.88;-77;2,066;1,872;1.06;0.25
Jan 8, 2022;3:30 PM;37;0;315.07;-77;2,066;1,872;1.06;0.25
Jan 8, 2022;3:45 PM;12;2;260.94;-52.79;2,066;1,872;1.06;0.25
Jan 8, 2022;4:00 PM;0;116;137.5;-26.49;2,075;1,998;2.99;0.14
Jan 8, 2022;4:15 PM;0;34;137.5;-38.52;2,075;1,998;2.99;0.14
Jan 8, 2022;4:30 PM;1;3;137.51;-49.49;2,075;1,998;2.99;0.14
Jan 8, 2022;4:45 PM;24;1;285.92;-56.12;2,075;1,998;2.99;0.14
Jan 8, 2022;5:00 PM;21;1;280.35;-56.4;2,075;1,998;2.99;0.14
Jan 8, 2022;5:15 PM;44;1;308.41;-57.41;2,075;1,998;2.99;0.14
Jan 8, 2022;5:30 PM;95;0;332.33;-60;2,075;1,998;2.99;0.14
Jan 8, 2022;5:45 PM;70;0;322.68;-59.02;2,075;1,998;2.99;0.14
Jan 8, 2022;6:00 PM;34;0;299.83;-57.64;2,075;1,998;2.99;0.14
Jan 8, 2022;6:15 PM;51;0;313.16;-58.98;2,075;1,998;2.99;0.14
Jan 8, 2022;6:30 PM;5;1;211.4;-57.22;2,075;1,998;2.99;0.14
Jan 8, 2022;6:45 PM;2;2;156.17;-52.39;2,075;1,998;2.99;0.14
Jan 8, 2022;7:00 PM;30;1;293.9;-57.13;2,075;1,998;2.99;0.14
Jan 8, 2022;7:15 PM;33;0;297.92;-57.89;2,075;1,998;2.99;0.14
Jan 8, 2022;7:30 PM;1;23;140.67;-41.25;2,075;1,998;2.99;0.14
Jan 8, 2022;7:45 PM;1;25;137.51;-40.55;2,075;1,998;2.99;0.14
Jan 8, 2022;8:00 PM;1;2;150.75;-48.17;2,043;1,931;0.56;0.91
Jan 8, 2022;8:15 PM;5;17;211.63;-25.3;2,043;1,931;0.56;0.91
Jan 8, 2022;8:30 PM;0;22;137.5;-19.62;2,043;1,931;0.56;0.91
Jan 8, 2022;8:45 PM;0;28;137.5;-14.31;2,043;1,931;0.56;0.91
Jan 8, 2022;9:00 PM;18;6;309.88;-42.35;2,043;1,931;0.56;0.91
Jan 8, 2022;9:15 PM;6;0;229.75;-58.48;2,043;1,931;0.56;0.91
Jan 8, 2022;9:30 PM;1;10;139.55;-35.63;2,043;1,931;0.56;0.91
Jan 8, 2022;9:45 PM;0;65;137.5;1.85;2,043;1,931;0.56;0.91
Jan 8, 2022;10:00 PM;19;13;313.41;-31.48;2,043;1,931;0.56;0.91
Jan 8, 2022;10:15 PM;2;42;155.2;-6.3;2,043;1,931;0.56;0.91
Jan 8, 2022;10:30 PM;0;96;137.5;9.25;2,043;1,931;0.56;0.91
Jan 8, 2022;10:45 PM;0;135;137.5;18.75;2,043;1,931;0.56;0.91
Jan 8, 2022;11:00 PM;11;15;273.07;-28.63;2,043;1,931;0.56;0.91
Jan 8, 2022;11:15 PM;1;10;140.15;-35.24;2,043;1,931;0.56;0.91
Jan 8, 2022;11:30 PM;1;4;137.5;-44.54;2,043;1,931;0.56;0.91
Jan 8, 2022;11:45 PM;0;5;137.5;-43.39;2,043;1,931;0.56;0.91
